{"cameraMode":{"drawMode":0,"name":"Shaded","section":"Shading Mode"},"sceneLighting":false,"audioPlay":false,"sceneViewState":{"m_AlwaysRefresh":false,"showFog":true,"showSkybox":false,"showFlares":true,"showImageEffects":true,"showParticleSystems":true,"showVisualEffectGraphs":true,"m_FxEnabled":true},"in2DMode":false,"pivot":{"x":0.27000001072883608,"y":1.659999966621399,"z":2.9200000762939455},"rotation":{"x":0.006057920400053263,"y":-0.19405020773410798,"z":0.001903247437439859,"w":0.9810636043548584},"size":0.3008618950843811,"orthographic":false}