{"cameraMode":{"drawMode":0,"name":"Shaded","section":"Shading Mode"},"sceneLighting":false,"audioPlay":false,"sceneViewState":{"m_AlwaysRefresh":false,"showFog":true,"showSkybox":false,"showFlares":true,"showImageEffects":true,"showParticleSystems":true,"showVisualEffectGraphs":true,"m_FxEnabled":true},"in2DMode":false,"pivot":{"x":0.03418171405792236,"y":1.1795296669006348,"z":0.08376741409301758},"rotation":{"x":0.06168017536401749,"y":0.07008375227451325,"z":-0.0035519315861165525,"w":0.9957180619239807},"size":1.9211033582687379,"orthographic":false}