{"cameraMode":{"drawMode":0,"name":"Shaded","section":"Shading Mode"},"sceneLighting":false,"audioPlay":false,"sceneViewState":{"m_AlwaysRefresh":false,"showFog":true,"showSkybox":false,"showFlares":true,"showImageEffects":true,"showParticleSystems":true,"showVisualEffectGraphs":true,"m_FxEnabled":true},"in2DMode":false,"pivot":{"x":-1.5260894298553467,"y":1.1120288372039796,"z":-2.119619846343994},"rotation":{"x":0.2071245312690735,"y":0.3023241460323334,"z":-0.06663089245557785,"w":0.9281384944915772},"size":0.000017320508050033823,"orthographic":false}