{"cameraMode":{"drawMode":0,"name":"Shaded","section":"Shading Mode"},"sceneLighting":true,"audioPlay":false,"sceneViewState":{"m_AlwaysRefresh":false,"showFog":true,"showSkybox":true,"showFlares":true,"showImageEffects":true,"showParticleSystems":true,"showVisualEffectGraphs":true,"m_FxEnabled":true},"in2DMode":false,"pivot":{"x":3.671266555786133,"y":9.582627296447754,"z":-13.42772388458252},"rotation":{"x":0.40479394793510439,"y":-0.08075471967458725,"z":0.03592286631464958,"w":0.9101168513298035},"size":0.5558416247367859,"orthographic":false}