{"cameraMode":{"drawMode":0,"name":"Shaded","section":"Shading Mode"},"sceneLighting":false,"audioPlay":false,"sceneViewState":{"m_AlwaysRefresh":false,"showFog":true,"showSkybox":false,"showFlares":true,"showImageEffects":true,"showParticleSystems":true,"showVisualEffectGraphs":true,"m_FxEnabled":true},"in2DMode":false,"pivot":{"x":-0.029857639223337175,"y":-0.3563096225261688,"z":1.0405149459838868},"rotation":{"x":0.1714508831501007,"y":0.0810479149222374,"z":-0.013346151448786259,"w":0.9818553924560547},"size":0.8028600811958313,"orthographic":false}