{"cameraMode":{"drawMode":0,"name":"Shaded","section":"Shading Mode"},"sceneLighting":false,"audioPlay":false,"sceneViewState":{"m_AlwaysRefresh":false,"showFog":true,"showSkybox":false,"showFlares":true,"showImageEffects":true,"showParticleSystems":true,"showVisualEffectGraphs":true,"m_FxEnabled":true},"in2DMode":false,"pivot":{"x":1.081154227256775,"y":1.3619667291641236,"z":5.494810581207275},"rotation":{"x":0.0010759333381429315,"y":0.9998098015785217,"z":0.017674636095762254,"w":-0.015908973291516305},"size":0.000017320508050033823,"orthographic":false}