{"cameraMode":{"drawMode":0,"name":"Shaded","section":"Shading Mode"},"sceneLighting":false,"audioPlay":false,"sceneViewState":{"m_AlwaysRefresh":false,"showFog":true,"showSkybox":false,"showFlares":true,"showImageEffects":true,"showParticleSystems":true,"showVisualEffectGraphs":true,"m_FxEnabled":true},"in2DMode":false,"pivot":{"x":-1.673621416091919,"y":2.0293474197387697,"z":-3.980189085006714},"rotation":{"x":0.21759669482707978,"y":0.19602274894714356,"z":-0.04383823275566101,"w":0.9552417993545532},"size":0.000017320508050033823,"orthographic":false}