{"cameraMode":{"drawMode":0,"name":"Shaded","section":"Shading Mode"},"sceneLighting":false,"audioPlay":false,"sceneViewState":{"m_AlwaysRefresh":false,"showFog":true,"showSkybox":false,"showFlares":true,"showImageEffects":true,"showParticleSystems":true,"showVisualEffectGraphs":true,"m_FxEnabled":true},"in2DMode":false,"pivot":{"x":0.000014496551557385828,"y":-0.0000060865318118885629,"z":-0.000007210262992884964},"rotation":{"x":0.14419013261795045,"y":0.3033093810081482,"z":-0.04565173387527466,"w":0.9409098625183106},"size":0.000017320508050033823,"orthographic":false}