{"cameraMode":{"drawMode":0,"name":"Shaded","section":"Shading Mode"},"sceneLighting":false,"audioPlay":false,"sceneViewState":{"m_AlwaysRefresh":false,"showFog":true,"showSkybox":false,"showFlares":true,"showImageEffects":true,"showParticleSystems":true,"showVisualEffectGraphs":true,"m_FxEnabled":true},"in2DMode":false,"pivot":{"x":1.9466235637664796,"y":1.659999966621399,"z":-0.26147401332855227},"rotation":{"x":0.023829389363527299,"y":-0.11818873137235642,"z":0.0028370702639222147,"w":0.9927005767822266},"size":0.3008619248867035,"orthographic":true}