{"cameraMode":{"drawMode":0,"name":"Shaded","section":"Shading Mode"},"sceneLighting":false,"audioPlay":false,"sceneViewState":{"m_AlwaysRefresh":false,"showFog":true,"showSkybox":false,"showFlares":true,"showImageEffects":true,"showParticleSystems":true,"showVisualEffectGraphs":true,"m_FxEnabled":true},"in2DMode":false,"pivot":{"x":0.02125459909439087,"y":2.7465431690216066,"z":-0.03572070598602295},"rotation":{"x":0.1714508831501007,"y":0.0810479149222374,"z":-0.013346151448786259,"w":0.9818553924560547},"size":3.2068755626678469,"orthographic":false}