{"cameraMode":{"drawMode":0,"name":"Shaded","section":"Shading Mode"},"sceneLighting":false,"audioPlay":false,"sceneViewState":{"m_AlwaysRefresh":false,"showFog":true,"showSkybox":false,"showFlares":true,"showImageEffects":true,"showParticleSystems":true,"showVisualEffectGraphs":true,"m_FxEnabled":true},"in2DMode":false,"pivot":{"x":-1.0071324110031129,"y":2.5123889446258547,"z":-4.001542091369629},"rotation":{"x":0.31115707755088808,"y":0.10519777238368988,"z":-0.03384288027882576,"w":0.9440078139305115},"size":0.000017320508050033823,"orthographic":false}